                  epoch,         train/box_loss,         train/cls_loss,         train/dfl_loss,   metrics/precision(B),      metrics/recall(B),       metrics/mAP50(B),    metrics/mAP50-95(B),           val/box_loss,           val/cls_loss,           val/dfl_loss,                 lr/pg0,                 lr/pg1,                 lr/pg2
                      0,                 4.7663,                 5.4085,                 4.3497,                  7e-05,                0.00201,                  4e-05,                      0,                 4.9774,                 5.4143,                 4.0551,               0.070882,              0.0032353,              0.0032353
                      1,                 4.2696,                 4.3717,                 4.0657,                  7e-05,                0.00201,                  4e-05,                      0,                 4.9132,                 5.0926,                 4.0176,                0.04085,              0.0065361,              0.0065361
                      2,                 3.5516,                  3.604,                 3.5052,                0.00036,                0.01004,                0.00018,                  4e-05,                 4.8766,                 4.9719,                 4.0135,               0.010784,              0.0098039,              0.0098039
                      3,                  3.167,                 3.2769,                 3.0904,                0.22202,                0.08835,                0.05425,                0.01807,                 3.0132,                  3.054,                 3.2558,              0.0098515,              0.0098515,              0.0098515
                      4,                 2.8875,                 2.9932,                 2.7595,                0.06641,                 0.2008,                 0.0313,                0.01102,                 2.9281,                 34.626,                 3.5255,              0.0098515,              0.0098515,              0.0098515
                      5,                 2.7688,                  2.483,                  2.672,                   0.11,                 0.1747,                0.03704,                0.01033,                 3.1558,                 8.8131,                   3.31,               0.009802,               0.009802,               0.009802
                      6,                 2.5897,                 2.2971,                 2.4931,                0.13923,                0.14859,                0.05883,                0.01376,                 3.1669,                 2.8631,                 2.9557,              0.0097525,              0.0097525,              0.0097525
                      7,                 2.4336,                 2.0954,                 2.4066,                0.43503,                0.22088,                0.19136,                0.06487,                 2.6865,                 6.6932,                 2.7599,               0.009703,               0.009703,               0.009703
                      8,                 2.3035,                  2.045,                 2.3141,                0.13714,                0.19076,                 0.0859,                 0.0307,                 2.3549,                 2.4782,                 2.2892,              0.0096535,              0.0096535,              0.0096535
                      9,                  2.159,                 1.9121,                  2.156,                 0.7006,                0.30522,                0.33557,                0.15464,                 2.2043,                 2.0755,                  2.143,               0.009604,               0.009604,               0.009604
                     10,                 2.1702,                 1.8384,                 2.1347,                0.58015,                 0.3494,                0.36077,                0.13772,                 2.2804,                 2.3613,                 2.1478,              0.0095545,              0.0095545,              0.0095545
                     11,                 2.1092,                 1.6688,                 2.0666,                0.46139,                0.36123,                0.30185,                0.09829,                 2.3291,                 1.8849,                 2.1449,               0.009505,               0.009505,               0.009505
                     12,                   2.02,                 1.6235,                 1.9434,                0.54696,                0.35542,                0.39846,                0.18934,                  2.066,                  1.748,                 2.0076,              0.0094555,              0.0094555,              0.0094555
                     13,                 1.9443,                 1.5327,                 1.9218,                0.75468,                0.39157,                0.50582,                0.23337,                 1.9696,                 1.5075,                 1.8986,               0.009406,               0.009406,               0.009406
                     14,                 1.9619,                 1.4817,                 1.8415,                0.44188,                0.35944,                0.27917,                0.08703,                 2.3082,                 1.8843,                 2.1671,              0.0093565,              0.0093565,              0.0093565
                     15,                 1.8974,                 1.4517,                 1.8166,                0.66814,                 0.3962,                0.46753,                0.21928,                 2.0194,                 1.5993,                 1.9917,               0.009307,               0.009307,               0.009307
                     16,                 1.8925,                 1.4063,                 1.8198,                0.59623,                0.36546,                0.41891,                0.12842,                 2.3373,                 1.7183,                 2.2186,              0.0092575,              0.0092575,              0.0092575
                     17,                 1.8889,                 1.4024,                 1.7676,                0.67206,                0.41767,                0.48699,                0.21469,                 1.8632,                 1.5637,                 1.7615,               0.009208,               0.009208,               0.009208
                     18,                 1.8184,                 1.3834,                  1.708,                0.69445,                0.40162,                0.50931,                0.22127,                 1.9328,                 1.5758,                 1.8108,              0.0091585,              0.0091585,              0.0091585
                     19,                 1.8406,                 1.3602,                 1.6983,                0.67684,                0.47189,                0.54006,                0.24048,                 1.9581,                 1.3895,                  1.853,               0.009109,               0.009109,               0.009109
                     20,                 1.7989,                 1.2876,                 1.6806,                0.70467,                0.48795,                0.56742,                0.28157,                 1.7152,                 1.3574,                 1.6243,              0.0090595,              0.0090595,              0.0090595
                     21,                 1.7495,                 1.2524,                 1.6369,                0.66162,                0.49078,                0.53977,                0.25029,                 1.8022,                 1.3604,                  1.702,                0.00901,                0.00901,                0.00901
                     22,                 1.7599,                  1.237,                 1.6236,                0.72389,                0.46988,                0.51474,                0.20897,                 1.8455,                 1.4306,                 1.7168,              0.0089605,              0.0089605,              0.0089605
                     23,                 1.7264,                  1.218,                  1.603,                0.68182,                0.50201,                 0.5728,                0.26887,                   1.72,                 1.3324,                 1.6037,               0.008911,               0.008911,               0.008911
                     24,                 1.7057,                 1.1908,                 1.5791,                0.71287,                0.54217,                0.60512,                 0.2849,                 1.7424,                 1.2128,                  1.622,              0.0088615,              0.0088615,              0.0088615
                     25,                  1.684,                 1.1234,                 1.5943,                0.67693,                0.46386,                0.53595,                0.26628,                 1.7738,                 1.2366,                 1.6046,               0.008812,               0.008812,               0.008812
                     26,                 1.6385,                 1.1292,                 1.5333,                0.68688,                0.54016,                0.59022,                0.25023,                 1.9041,                 1.2454,                 1.7859,              0.0087625,              0.0087625,              0.0087625
                     27,                 1.6712,                 1.1365,                 1.5684,                0.65386,                0.51406,                0.58524,                0.28503,                 1.7429,                 1.2167,                 1.5837,               0.008713,               0.008713,               0.008713
                     28,                  1.676,                 1.1062,                 1.5502,                0.80155,                0.42771,                 0.5332,                0.23533,                 1.9185,                 1.2726,                 1.7249,              0.0086635,              0.0086635,              0.0086635
                     29,                 1.6873,                  1.126,                 1.5413,                0.67238,                0.57631,                0.62353,                0.30139,                 1.6953,                 1.2629,                 1.5687,               0.008614,               0.008614,               0.008614
                     30,                 1.7054,                 1.1352,                 1.5036,                0.77788,                0.55221,                0.63769,                 0.2335,                 2.0016,                 1.2127,                 1.8366,              0.0085645,              0.0085645,              0.0085645
                     31,                 1.6482,                 1.0863,                 1.5041,                 0.7832,                0.52228,                0.63061,                0.29358,                 1.7234,                 1.1504,                 1.5849,               0.008515,               0.008515,               0.008515
                     32,                 1.6456,                 1.1062,                 1.4955,                0.71443,                0.53249,                0.60801,                0.29294,                 1.7056,                 1.2436,                  1.586,              0.0084655,              0.0084655,              0.0084655
                     33,                 1.6808,                 1.0719,                  1.509,                0.75359,                0.54618,                0.64051,                 0.3227,                 1.6699,                  1.112,                 1.5311,               0.008416,               0.008416,               0.008416
                     34,                 1.6305,                 1.0576,                 1.4918,                0.71524,                0.54976,                 0.6148,                0.24632,                 1.9727,                 1.2147,                 1.7389,              0.0083665,              0.0083665,              0.0083665
                     35,                 1.6309,                  1.009,                  1.491,                0.70999,                0.51126,                0.53646,                0.25494,                  1.721,                 1.0612,                 1.5808,               0.008317,               0.008317,               0.008317
                     36,                 1.6298,                 1.0174,                 1.4981,                0.69264,                0.50682,                0.55591,                0.28165,                 1.6796,                 1.1339,                 1.5251,              0.0082675,              0.0082675,              0.0082675
                     37,                 1.5958,                 1.0432,                 1.4845,                0.74479,                0.61044,                0.67152,                0.32376,                 1.7583,                 1.1132,                 1.5882,               0.008218,               0.008218,               0.008218
                     38,                  1.563,                0.97994,                 1.4388,                0.81297,                 0.6004,                0.67532,                0.31199,                 1.6966,                 1.1268,                 1.5393,              0.0081685,              0.0081685,              0.0081685
                     39,                 1.6135,                 1.0621,                 1.4989,                0.69528,                0.60019,                 0.6093,                0.24879,                 1.8593,                 1.2417,                 1.6826,               0.008119,               0.008119,               0.008119
                     40,                 1.6184,                 1.0071,                 1.4712,                0.76219,                0.55221,                0.65633,                0.31696,                 1.7316,                 1.0144,                 1.5644,              0.0080695,              0.0080695,              0.0080695
                     41,                 1.5795,                0.94346,                 1.4449,                0.76422,                0.56426,                0.65964,                0.31574,                 1.7328,                 1.0807,                 1.5602,                0.00802,                0.00802,                0.00802
                     42,                 1.5761,                0.95729,                 1.4222,                0.75866,                 0.5618,                 0.6382,                0.30805,                 1.6604,                 1.1785,                 1.5195,              0.0079705,              0.0079705,              0.0079705
                     43,                 1.5763,                0.95522,                  1.434,                 0.8088,                 0.5261,                0.66553,                0.35188,                 1.5417,                0.97282,                 1.4537,               0.007921,               0.007921,               0.007921
                     44,                 1.6061,                  1.017,                 1.4484,                0.79763,                0.54418,                0.65061,                0.32799,                 1.6402,                 1.0678,                 1.4892,              0.0078715,              0.0078715,              0.0078715
                     45,                 1.5623,                0.94147,                 1.4216,                0.79649,                0.62048,                 0.7063,                0.34475,                 1.6083,                0.99931,                 1.4719,               0.007822,               0.007822,               0.007822
                     46,                 1.5568,                0.93598,                   1.43,                0.84622,                0.62985,                0.72504,                0.27456,                  1.994,                 1.0771,                 1.7559,              0.0077725,              0.0077725,              0.0077725
                     47,                 1.4932,                0.89448,                 1.3927,                0.75887,                0.61847,                 0.6863,                0.31136,                 1.7318,                 1.0706,                 1.5489,               0.007723,               0.007723,               0.007723
                     48,                 1.5031,                 0.9231,                 1.4274,                0.81673,                0.61245,                0.71327,                0.36574,                 1.5631,                0.96039,                 1.4561,              0.0076735,              0.0076735,              0.0076735
                     49,                 1.5032,                0.90904,                  1.424,                 0.8235,                0.57152,                 0.6885,                0.36749,                 1.5225,                0.96842,                 1.4093,               0.007624,               0.007624,               0.007624
                     50,                 1.5167,                 0.9134,                 1.3833,                0.75879,                0.61273,                0.70239,                0.33396,                 1.6566,                 1.0109,                 1.4867,              0.0075745,              0.0075745,              0.0075745
                     51,                 1.5247,                0.93239,                 1.3866,                0.77544,                0.60843,                0.67493,                0.31929,                 1.7445,                 1.1549,                 1.5462,               0.007525,               0.007525,               0.007525
                     52,                 1.4955,                0.86798,                 1.3815,                0.75135,                0.60843,                0.68463,                0.31523,                 1.7947,                 1.0535,                 1.5983,              0.0074755,              0.0074755,              0.0074755
                     53,                 1.4806,                0.89951,                 1.4267,                0.76014,                0.61446,                0.71211,                0.38008,                 1.5392,                0.95468,                 1.4082,               0.007426,               0.007426,               0.007426
                     54,                 1.4992,                0.88056,                 1.3808,                0.82641,                0.66466,                0.74479,                 0.3479,                 1.6857,                0.99341,                 1.5101,              0.0073765,              0.0073765,              0.0073765
                     55,                 1.4911,                0.87662,                 1.3731,                0.82417,                0.63253,                0.72089,                0.37249,                 1.5501,                0.93376,                 1.4352,               0.007327,               0.007327,               0.007327
                     56,                 1.4603,                0.85426,                 1.3877,                0.76857,                0.63353,                0.69878,                0.35448,                 1.6125,                0.95682,                 1.4409,              0.0072775,              0.0072775,              0.0072775
                     57,                 1.4678,                0.89733,                 1.4014,                0.77684,                0.61513,                 0.6853,                0.34145,                 1.6537,                0.98897,                 1.4713,               0.007228,               0.007228,               0.007228
                     58,                 1.4427,                0.84439,                 1.3595,                 0.8079,                0.64659,                 0.7272,                0.38258,                 1.4795,                0.94304,                  1.381,              0.0071785,              0.0071785,              0.0071785
                     59,                 1.5085,                0.88719,                 1.3969,                0.82217,                0.66466,                0.74776,                0.38854,                 1.4746,                0.89236,                 1.3764,               0.007129,               0.007129,               0.007129
                     60,                 1.4646,                0.86756,                 1.3753,                  0.775,                0.64257,                0.71863,                0.38254,                 1.5243,                0.87762,                 1.4045,              0.0070795,              0.0070795,              0.0070795
                     61,                 1.4685,                0.86135,                 1.3759,                0.79555,                0.56225,                0.69963,                0.37022,                 1.5161,                0.90629,                   1.39,                0.00703,                0.00703,                0.00703
                     62,                 1.4486,                0.84201,                 1.3695,                0.78563,                0.71486,                0.78107,                 0.4229,                 1.4548,                 0.8672,                 1.3663,              0.0069805,              0.0069805,              0.0069805
                     63,                 1.5104,                0.86685,                 1.3679,                0.83583,                0.59036,                0.67822,                0.37334,                 1.5034,                0.85656,                 1.3669,               0.006931,               0.006931,               0.006931
                     64,                 1.4174,                0.81782,                 1.3425,                0.80206,                0.63655,                0.72079,                0.38702,                 1.4773,                0.83507,                 1.3628,              0.0068815,              0.0068815,              0.0068815
                     65,                 1.4048,                0.83196,                  1.336,                0.81792,                0.64859,                 0.7514,                0.40192,                 1.4666,                0.84004,                 1.3452,               0.006832,               0.006832,               0.006832
                     66,                 1.4292,                0.83182,                 1.3271,                0.87002,                0.71888,                0.80445,                0.43813,                 1.4058,                 0.7954,                 1.3242,              0.0067825,              0.0067825,              0.0067825
                     67,                 1.4584,                0.83956,                  1.345,                0.84024,                0.64056,                0.75332,                0.40288,                 1.4608,                 0.8249,                 1.3505,               0.006733,               0.006733,               0.006733
                     68,                 1.3948,                0.80528,                 1.3355,                0.88378,                0.62604,                0.74977,                0.40183,                 1.4391,                0.83386,                 1.3411,              0.0066835,              0.0066835,              0.0066835
                     69,                 1.4556,                0.86418,                 1.3435,                0.76565,                0.58434,                0.69197,                0.34154,                 1.6648,                0.91393,                 1.4499,               0.006634,               0.006634,               0.006634
                     70,                  1.419,                0.80409,                 1.3552,                0.89501,                0.66763,                 0.7806,                0.41225,                 1.4453,                 0.8388,                 1.3432,              0.0065845,              0.0065845,              0.0065845
                     71,                 1.4082,                 0.8097,                 1.3505,                 0.7695,                0.68273,                0.74936,                0.40599,                 1.4316,                0.81202,                 1.3537,               0.006535,               0.006535,               0.006535
                     72,                 1.3974,                0.80286,                 1.3033,                0.80832,                 0.6747,                0.75489,                0.33569,                 1.7828,                0.93353,                 1.5281,              0.0064855,              0.0064855,              0.0064855
                     73,                 1.3718,                0.78184,                 1.3187,                0.84787,                  0.749,                 0.8094,                0.43131,                  1.441,                0.78112,                 1.3514,               0.006436,               0.006436,               0.006436
                     74,                 1.3492,                0.77904,                 1.3175,                0.77212,                0.63454,                0.71177,                0.39029,                 1.4359,                0.83969,                 1.3332,              0.0063865,              0.0063865,              0.0063865
                     75,                 1.3762,                0.76213,                 1.2966,                0.81205,                0.68876,                0.77654,                0.42188,                 1.4451,                0.79527,                 1.3458,               0.006337,               0.006337,               0.006337
                     76,                 1.3566,                 0.7674,                 1.3262,                  0.805,                0.64257,                0.73479,                0.39717,                 1.4316,                0.82283,                 1.3271,              0.0062875,              0.0062875,              0.0062875
                     77,                 1.4028,                0.79562,                 1.3217,                0.78186,                0.63454,                0.73317,                0.37867,                 1.5132,                0.81036,                 1.3646,               0.006238,               0.006238,               0.006238
                     78,                 1.3544,                0.78145,                 1.3007,                0.84657,                0.65261,                0.76145,                0.39225,                 1.5296,                 0.8239,                 1.3912,              0.0061885,              0.0061885,              0.0061885
                     79,                 1.3364,                 0.7826,                 1.2798,                0.78768,                0.70026,                0.78104,                  0.418,                 1.4318,                0.77732,                 1.3522,               0.006139,               0.006139,               0.006139
                     80,                 1.3437,                0.74251,                 1.2652,                0.84322,                0.70201,                0.78013,                0.40689,                 1.4606,                0.78046,                 1.3398,              0.0060895,              0.0060895,              0.0060895
                     81,                 1.3636,                 0.7809,                 1.2713,                0.80948,                0.72088,                0.79122,                0.41794,                 1.4357,                0.77072,                 1.3529,                0.00604,                0.00604,                0.00604
                     82,                 1.3257,                0.73659,                 1.2876,                0.81805,                0.71285,                 0.7941,                0.41807,                 1.4655,                0.79045,                  1.353,              0.0059905,              0.0059905,              0.0059905
                     83,                 1.3266,                0.74518,                 1.2536,                0.80485,                0.64599,                0.72562,                0.38282,                 1.5464,                0.83188,                  1.379,               0.005941,               0.005941,               0.005941
                     84,                 1.3214,                0.74206,                 1.2763,                0.83624,                0.71687,                 0.7923,                0.42548,                 1.4271,                0.76623,                 1.2996,              0.0058915,              0.0058915,              0.0058915
                     85,                 1.3715,                0.78494,                 1.2836,                0.83714,                0.71084,                0.80048,                0.45191,                 1.3518,                0.75359,                 1.2859,               0.005842,               0.005842,               0.005842
                     86,                 1.3662,                 0.7457,                 1.2718,                0.79342,                0.70683,                 0.7688,                0.39939,                 1.4859,                0.79785,                 1.3384,              0.0057925,              0.0057925,              0.0057925
                     87,                 1.3542,                0.75792,                 1.2745,                0.82599,                 0.6958,                0.78963,                0.42996,                 1.3615,                0.77724,                  1.301,               0.005743,               0.005743,               0.005743
                     88,                 1.2998,                0.72947,                 1.2673,                0.84482,                0.67068,                0.77064,                0.41611,                 1.4273,                0.79539,                 1.3158,              0.0056935,              0.0056935,              0.0056935
                     89,                 1.3184,                0.73274,                 1.2636,                0.85789,                0.72732,                0.81512,                0.44778,                 1.3757,                0.75047,                 1.3022,               0.005644,               0.005644,               0.005644
                     90,                  1.331,                0.75152,                  1.245,                  0.836,                0.71687,                0.78771,                0.42614,                 1.3742,                0.76826,                 1.2964,              0.0055945,              0.0055945,              0.0055945
                     91,                 1.3129,                0.73739,                  1.275,                0.83134,                0.73241,                0.79076,                 0.4179,                 1.4218,                0.76379,                 1.3155,               0.005545,               0.005545,               0.005545
                     92,                  1.336,                 0.7436,                 1.2756,                  0.814,                0.64659,                0.72239,                0.39222,                 1.4418,                0.76944,                 1.3257,              0.0054955,              0.0054955,              0.0054955
                     93,                 1.3679,                0.74201,                 1.2613,                0.87255,                0.71084,                0.81482,                0.45206,                 1.3572,                0.75564,                 1.2912,               0.005446,               0.005446,               0.005446
                     94,                 1.2914,                0.72119,                 1.2455,                 0.8671,                0.67671,                0.79848,                0.41979,                 1.4766,                0.75532,                 1.3246,              0.0053965,              0.0053965,              0.0053965
                     95,                  1.278,                0.70094,                 1.2331,                0.80359,                0.67368,                0.77542,                 0.4323,                 1.3965,                0.77092,                 1.2755,               0.005347,               0.005347,               0.005347
                     96,                  1.289,                0.71666,                 1.2428,                0.83693,                0.61245,                0.73638,                0.40291,                  1.396,                0.76203,                 1.2814,              0.0052975,              0.0052975,              0.0052975
                     97,                 1.3175,                 0.7184,                 1.2415,                0.84835,                0.73017,                0.81082,                0.43008,                 1.3845,                0.73567,                 1.2727,               0.005248,               0.005248,               0.005248
                     98,                 1.3248,                0.71957,                 1.2521,                0.83473,                0.66936,                 0.7574,                0.38147,                 1.5553,                0.79366,                 1.3472,              0.0051985,              0.0051985,              0.0051985
                     99,                 1.3335,                0.74569,                 1.2466,                0.85737,                0.71219,                0.81111,                0.44558,                 1.3112,                0.73721,                 1.2523,               0.005149,               0.005149,               0.005149
                    100,                 1.2603,                0.69934,                 1.2697,                0.84411,                0.72892,                0.80911,                0.45269,                 1.3026,                0.71314,                 1.2541,              0.0050995,              0.0050995,              0.0050995
                    101,                 1.2754,                0.71967,                 1.2508,                0.87877,                0.74231,                0.82952,                0.46448,                 1.3082,                0.70187,                 1.2462,                0.00505,                0.00505,                0.00505
                    102,                 1.2127,                0.66809,                 1.2114,                0.85399,                0.73494,                 0.8076,                0.45461,                 1.3416,                0.70071,                 1.2576,              0.0050005,              0.0050005,              0.0050005
                    103,                  1.292,                0.71418,                 1.2491,                0.87913,                0.75703,                0.83644,                0.46869,                 1.2829,                0.67371,                 1.2252,               0.004951,               0.004951,               0.004951
                    104,                 1.2719,                0.69969,                  1.245,                0.81779,                0.68494,                0.76392,                0.40914,                  1.428,                0.76456,                 1.2859,              0.0049015,              0.0049015,              0.0049015
                    105,                 1.2996,                0.72214,                 1.2413,                0.82968,                0.74343,                0.80043,                0.45351,                 1.3047,                0.72637,                 1.2256,               0.004852,               0.004852,               0.004852
                    106,                 1.2253,                0.68685,                 1.2002,                0.86391,                0.75208,                0.82455,                0.45719,                  1.368,                0.70007,                 1.2641,              0.0048025,              0.0048025,              0.0048025
                    107,                 1.2684,                0.70889,                 1.2178,                0.83869,                0.76305,                0.82514,                0.45711,                 1.3192,                 0.7147,                 1.2449,               0.004753,               0.004753,               0.004753
                    108,                 1.2717,                0.69292,                 1.2248,                0.85617,                0.77698,                 0.8389,                  0.478,                 1.2583,                0.68312,                 1.2209,              0.0047035,              0.0047035,              0.0047035
                    109,                 1.2371,                0.68617,                 1.2247,                0.86513,                0.71687,                0.81276,                 0.4561,                 1.2731,                0.69985,                 1.2307,               0.004654,               0.004654,               0.004654
                    110,                 1.2075,                0.67001,                 1.2068,                0.86708,                0.76707,                  0.828,                0.47101,                 1.2657,                0.68669,                 1.2238,              0.0046045,              0.0046045,              0.0046045
                    111,                 1.2347,                0.66446,                 1.2009,                0.87594,                  0.751,                 0.8188,                0.45399,                 1.3225,                0.69652,                  1.249,               0.004555,               0.004555,               0.004555
                    112,                 1.2328,                0.66267,                 1.2233,                0.87369,                 0.7639,                0.82977,                0.47093,                  1.276,                0.69862,                 1.2091,              0.0045055,              0.0045055,              0.0045055
                    113,                 1.2699,                0.68885,                 1.2182,                0.85987,                0.72892,                0.81088,                0.44937,                  1.303,                0.69488,                 1.2269,               0.004456,               0.004456,               0.004456
                    114,                 1.2251,                0.68765,                 1.1923,                0.85007,                0.70586,                0.78849,                 0.4441,                 1.3092,                0.69914,                   1.24,              0.0044065,              0.0044065,              0.0044065
                    115,                 1.2391,                0.66737,                 1.2042,                0.90123,                0.75502,                0.82902,                0.46774,                 1.2595,                0.69389,                 1.2153,               0.004357,               0.004357,               0.004357
                    116,                 1.2024,                0.65592,                 1.1952,                0.87939,                0.75301,                0.83011,                0.46878,                 1.2658,                 0.6738,                 1.2096,              0.0043075,              0.0043075,              0.0043075
                    117,                 1.2236,                0.65309,                 1.2197,                0.84734,                0.68273,                0.79064,                0.45255,                 1.2855,                 0.7052,                 1.2087,               0.004258,               0.004258,               0.004258
                    118,                 1.1819,                0.65529,                  1.213,                0.88733,                0.75906,                0.85685,                0.48204,                 1.2884,                0.66751,                 1.2334,              0.0042085,              0.0042085,              0.0042085
                    119,                 1.2277,                0.66627,                 1.2187,                0.87889,                0.73695,                0.82769,                0.46921,                 1.2644,                0.67733,                 1.2113,               0.004159,               0.004159,               0.004159
                    120,                  1.201,                0.65329,                 1.1928,                0.87748,                0.69478,                0.78703,                 0.4403,                 1.3422,                0.69864,                  1.237,              0.0041095,              0.0041095,              0.0041095
                    121,                  1.156,                0.63242,                 1.1822,                 0.8705,                 0.7019,                0.80347,                0.46314,                 1.2757,                0.66181,                 1.2145,                0.00406,                0.00406,                0.00406
                    122,                 1.1349,                0.62141,                 1.1705,                0.84786,                0.71617,                0.80199,                0.45755,                 1.2799,                 0.6803,                 1.2068,              0.0040105,              0.0040105,              0.0040105
                    123,                 1.1865,                0.64335,                 1.1888,                0.83384,                0.68876,                0.76198,                0.42852,                 1.3839,                 0.6912,                 1.2407,               0.003961,               0.003961,               0.003961
                    124,                 1.1612,                0.63175,                 1.1866,                0.85676,                0.78715,                0.84391,                0.47609,                 1.2508,                0.66954,                 1.2073,              0.0039115,              0.0039115,              0.0039115
                    125,                 1.1795,                0.64294,                 1.1792,                0.88577,                0.78514,                0.85115,                0.49002,                 1.2069,                0.64759,                 1.1887,               0.003862,               0.003862,               0.003862
                    126,                 1.1548,                0.62208,                 1.1804,                0.87848,                0.74033,                0.81581,                 0.4726,                 1.2195,                0.65333,                 1.1836,              0.0038125,              0.0038125,              0.0038125
                    127,                 1.1867,                0.62928,                 1.1838,                0.83926,                0.77108,                0.82723,                0.48355,                  1.236,                0.65906,                 1.1967,               0.003763,               0.003763,               0.003763
                    128,                 1.1351,                0.61237,                 1.1682,                0.84242,                0.72691,                 0.7999,                0.46032,                 1.2385,                0.66325,                  1.206,              0.0037135,              0.0037135,              0.0037135
                    129,                 1.1587,                0.64051,                 1.1772,                0.88872,                 0.7377,                0.82783,                0.47822,                 1.2299,                0.65428,                 1.1885,               0.003664,               0.003664,               0.003664
                    130,                 1.2055,                0.64708,                 1.1858,                0.88912,                0.70884,                0.79871,                0.45899,                 1.3086,                0.67026,                 1.2146,              0.0036145,              0.0036145,              0.0036145
                    131,                  1.152,                0.62643,                  1.167,                0.87746,                0.73092,                0.81815,                0.47939,                 1.2408,                0.65077,                 1.1909,               0.003565,               0.003565,               0.003565
                    132,                 1.1178,                0.62157,                 1.1693,                0.85545,                0.74865,                0.82592,                0.47752,                  1.245,                0.65678,                 1.1986,              0.0035155,              0.0035155,              0.0035155
                    133,                 1.1422,                0.62432,                 1.1814,                0.85959,                0.72691,                 0.7999,                0.45551,                  1.259,                0.67157,                 1.2028,               0.003466,               0.003466,               0.003466
                    134,                 1.1714,                0.63954,                 1.1759,                0.84397,                0.67871,                0.76246,                0.44407,                  1.297,                0.67953,                 1.2043,              0.0034165,              0.0034165,              0.0034165
                    135,                 1.1428,                0.62537,                 1.1557,                0.88499,                0.74096,                0.81589,                 0.4764,                 1.2331,                0.65453,                 1.1769,               0.003367,               0.003367,               0.003367
                    136,                 1.1438,                 0.6158,                 1.1454,                0.89348,                0.75795,                0.84639,                0.49332,                 1.1882,                 0.6402,                  1.171,              0.0033175,              0.0033175,              0.0033175
                    137,                 1.1643,                0.63859,                 1.1647,                0.88488,                0.77309,                0.83917,                0.48469,                 1.2145,                0.64128,                 1.1839,               0.003268,               0.003268,               0.003268
                    138,                 1.1268,                0.61348,                 1.1397,                0.86381,                  0.751,                0.82456,                 0.4866,                 1.1908,                0.62795,                 1.1675,              0.0032185,              0.0032185,              0.0032185
                    139,                  1.148,                0.62124,                  1.143,                0.87428,                0.72691,                0.80843,                0.46983,                 1.2424,                0.65658,                 1.1953,               0.003169,               0.003169,               0.003169
                    140,                 1.1317,                0.60754,                 1.1514,                 0.8538,                0.72705,                0.80181,                 0.4492,                 1.3439,                0.69381,                 1.2532,              0.0031195,              0.0031195,              0.0031195
                    141,                 1.0777,                0.57601,                 1.1252,                 0.8751,                 0.7751,                0.84091,                0.48105,                 1.2185,                0.63777,                 1.1711,                0.00307,                0.00307,                0.00307
                    142,                 1.1219,                0.60911,                 1.1675,                 0.8917,                0.75703,                 0.8404,                0.49096,                 1.1865,                0.63372,                  1.163,              0.0030205,              0.0030205,              0.0030205
                    143,                 1.0852,                0.59056,                 1.1455,                 0.8521,                0.76357,                0.82422,                0.48055,                    1.2,                0.63983,                 1.1694,               0.002971,               0.002971,               0.002971
                    144,                 1.1313,                0.62155,                 1.1405,                0.86406,                0.77857,                0.83645,                0.49412,                 1.1924,                0.63089,                 1.1731,              0.0029215,              0.0029215,              0.0029215
                    145,                 1.1593,                 0.6113,                 1.1394,                0.88138,                0.77582,                0.84924,                0.49434,                 1.2065,                0.63278,                 1.1722,               0.002872,               0.002872,               0.002872
                    146,                 1.1042,                0.60109,                 1.1394,                0.89573,                0.76908,                0.85155,                0.49579,                 1.1949,                0.63495,                 1.1633,              0.0028225,              0.0028225,              0.0028225
                    147,                  1.091,                0.59047,                 1.1155,                0.87782,                0.75021,                0.83145,                0.49501,                 1.1833,                0.61573,                 1.1589,               0.002773,               0.002773,               0.002773
                    148,                 1.0483,                0.56963,                 1.1074,                0.89046,                0.74699,                0.83912,                0.49517,                 1.1835,                0.61229,                 1.1544,              0.0027235,              0.0027235,              0.0027235
                    149,                 1.1035,                0.59326,                 1.1461,                0.86926,                0.73293,                0.81603,                0.48725,                 1.1964,                0.61462,                 1.1563,               0.002674,               0.002674,               0.002674
                    150,                 1.0851,                0.58966,                 1.1249,                0.89269,                0.73896,                0.82475,                0.48234,                 1.1793,                0.62237,                 1.1545,              0.0026245,              0.0026245,              0.0026245
                    151,                 1.1137,                 0.5952,                 1.1436,                0.89368,                0.76104,                0.83848,                0.50106,                 1.1615,                0.60762,                 1.1533,               0.002575,               0.002575,               0.002575
                    152,                 1.0693,                0.57008,                 1.1108,                0.88029,                0.76707,                0.84149,                0.49757,                 1.1512,                0.60964,                 1.1379,              0.0025255,              0.0025255,              0.0025255
                    153,                  1.056,                0.58187,                 1.1353,                0.87425,                 0.7992,                0.86167,                0.50832,                 1.1432,                0.59526,                 1.1391,               0.002476,               0.002476,               0.002476
                    154,                 1.1042,                0.60248,                   1.13,                0.87478,                 0.7751,                0.84655,                  0.493,                 1.1892,                0.61223,                 1.1627,              0.0024265,              0.0024265,              0.0024265
                    155,                 1.0631,                0.58656,                  1.128,                0.89026,                0.76305,                0.84275,                0.49026,                 1.2092,                0.61527,                 1.1743,               0.002377,               0.002377,               0.002377
                    156,                 1.0869,                0.57265,                 1.1438,                0.89315,                0.76305,                0.85431,                0.50011,                 1.1924,                0.61428,                  1.164,              0.0023275,              0.0023275,              0.0023275
                    157,                 1.1112,                0.60488,                 1.1214,                0.85868,                0.73205,                0.81148,                0.46736,                 1.2441,                0.64625,                 1.1739,               0.002278,               0.002278,               0.002278
                    158,                 1.0469,                0.58203,                 1.1237,                0.88294,                  0.749,                0.83797,                0.48882,                 1.1935,                0.61402,                 1.1612,              0.0022285,              0.0022285,              0.0022285
                    159,                 1.0668,                0.57608,                 1.1303,                0.89603,                0.76143,                0.84761,                0.50808,                 1.1524,                0.60367,                 1.1405,               0.002179,               0.002179,               0.002179
                    160,                 1.0627,                0.57544,                 1.1009,                0.87786,                 0.7249,                 0.8159,                0.49025,                 1.1734,                0.61221,                 1.1404,              0.0021295,              0.0021295,              0.0021295
                    161,                 1.0566,                0.56591,                 1.1236,                0.87353,                 0.6988,                0.79867,                0.47729,                 1.1857,                0.61842,                 1.1527,                0.00208,                0.00208,                0.00208
                    162,                 1.0482,                0.56034,                 1.1238,                0.88525,                0.76305,                0.85426,                0.50442,                 1.1595,                 0.5952,                 1.1433,              0.0020305,              0.0020305,              0.0020305
                    163,                 1.0482,                0.56077,                 1.1119,                0.86514,                0.73428,                0.80439,                0.46938,                 1.2219,                0.61866,                 1.1529,               0.001981,               0.001981,               0.001981
                    164,                 1.0271,                 0.5498,                 1.1033,                 0.8823,                0.72252,                0.80322,                0.48008,                 1.1911,                0.61663,                 1.1474,              0.0019315,              0.0019315,              0.0019315
                    165,                 1.0679,                0.58218,                 1.1161,                0.86552,                0.73092,                0.80914,                0.48494,                  1.179,                0.61123,                  1.139,               0.001882,               0.001882,               0.001882
                    166,                 1.0184,                0.55398,                 1.1073,                0.88632,                 0.7751,                0.85015,                0.50727,                 1.1531,                0.60108,                 1.1502,              0.0018325,              0.0018325,              0.0018325
                    167,                 1.0178,                0.55298,                 1.0984,                0.87214,                0.75703,                0.84351,                0.50179,                 1.1672,                0.59596,                 1.1479,               0.001783,               0.001783,               0.001783
                    168,                 1.0292,                0.56951,                 1.0958,                0.87498,                0.74485,                0.83089,                 0.5079,                 1.1236,                0.58387,                 1.1301,              0.0017335,              0.0017335,              0.0017335
                    169,                 1.0187,                0.54973,                 1.1036,                0.86085,                0.73293,                0.81331,                 0.4907,                 1.1676,                0.60491,                 1.1378,               0.001684,               0.001684,               0.001684
                    170,                 1.0265,                0.55755,                 1.1026,                0.86764,                 0.7008,                0.78082,                 0.4856,                 1.1438,                0.60477,                  1.129,              0.0016345,              0.0016345,              0.0016345
                    171,                 1.0117,                0.54646,                  1.106,                0.87496,                0.76104,                0.83949,                0.51021,                 1.1365,                 0.5985,                  1.129,               0.001585,               0.001585,               0.001585
                    172,                 1.0226,                0.55449,                 1.0935,                0.86877,                0.74297,                0.82555,                0.49512,                  1.148,                0.60688,                 1.1337,              0.0015355,              0.0015355,              0.0015355
                    173,                 1.0223,                0.56953,                 1.0943,                0.86318,                0.76012,                0.83545,                0.50261,                 1.1366,                0.59517,                 1.1285,               0.001486,               0.001486,               0.001486
                    174,                 1.0293,                0.55531,                 1.0872,                0.86561,                0.75018,                 0.8385,                0.50742,                 1.1378,                0.58679,                 1.1251,              0.0014365,              0.0014365,              0.0014365
                    175,                  1.006,                0.54465,                 1.0903,                0.87058,                0.74293,                0.82898,                0.50403,                 1.1334,                0.58594,                 1.1238,               0.001387,               0.001387,               0.001387
                    176,                 1.0087,                0.53296,                 1.0797,                0.87051,                0.71687,                0.81704,                 0.4986,                 1.1282,                0.59499,                 1.1363,              0.0013375,              0.0013375,              0.0013375
                    177,                0.98313,                0.53454,                 1.0991,                0.87528,                0.73282,                0.82333,                0.51242,                 1.1072,                0.58344,                 1.1194,               0.001288,               0.001288,               0.001288
                    178,                 1.0199,                0.55662,                 1.1115,                0.86286,                0.75703,                0.82745,                0.50631,                 1.1153,                0.58055,                 1.1214,              0.0012385,              0.0012385,              0.0012385
                    179,                 1.0028,                0.53937,                 1.0887,                0.84808,                0.77349,                0.83438,                 0.5065,                 1.1393,                0.58541,                 1.1201,               0.001189,               0.001189,               0.001189
                    180,                 1.0233,                0.53571,                 1.0835,                0.87183,                0.75122,                0.83112,                0.51121,                 1.1132,                0.57654,                 1.1129,              0.0011395,              0.0011395,              0.0011395
                    181,                 1.0273,                0.54668,                 1.1081,                  0.875,                0.72691,                0.80951,                0.48912,                 1.1598,                0.59349,                 1.1277,                0.00109,                0.00109,                0.00109
                    182,                0.99888,                0.54926,                 1.1062,                0.89225,                0.75502,                0.83415,                0.50511,                 1.1561,                0.58816,                  1.128,              0.0010405,              0.0010405,              0.0010405
                    183,                 1.0013,                0.53552,                 1.0918,                0.88482,                0.76908,                0.83828,                0.50759,                 1.1162,                0.57745,                 1.1149,               0.000991,               0.000991,               0.000991
                    184,                0.99753,                0.54107,                 1.0932,                0.86254,                0.74341,                0.82121,                0.50269,                 1.1116,                0.57227,                 1.1208,              0.0009415,              0.0009415,              0.0009415
                    185,                 0.9724,                0.53729,                 1.0809,                0.87168,                0.75904,                0.84313,                0.50981,                 1.1055,                0.57706,                 1.1161,               0.000892,               0.000892,               0.000892
                    186,                0.95245,                0.51434,                 1.0792,                0.88719,                0.72644,                0.83191,                0.50823,                 1.1316,                0.58393,                 1.1276,              0.0008425,              0.0008425,              0.0008425
                    187,                 1.0112,                0.54094,                  1.094,                0.89587,                0.72289,                0.82028,                0.50211,                 1.1281,                 0.5837,                 1.1267,               0.000793,               0.000793,               0.000793
                    188,                 1.0103,                 0.5369,                 1.0834,                0.88252,                0.78436,                0.84643,                0.51523,                 1.0913,                0.57344,                 1.1088,              0.0007435,              0.0007435,              0.0007435
                    189,                 0.9692,                0.52357,                  1.077,                0.88094,                0.77263,                0.84072,                0.51726,                 1.0901,                0.57949,                  1.114,               0.000694,               0.000694,               0.000694
                    190,                 1.0303,                0.55451,                 1.0789,                0.86126,                0.75904,                0.83074,                0.50855,                 1.1223,                 0.5795,                 1.1142,              0.0006445,              0.0006445,              0.0006445
                    191,                0.99847,                0.53868,                 1.0863,                0.86945,                0.77711,                0.84439,                0.51857,                 1.0985,                0.56863,                 1.1099,               0.000595,               0.000595,               0.000595
                    192,                0.98866,                0.53125,                 1.0683,                0.85783,                0.73908,                0.81909,                0.50966,                 1.1004,                0.57356,                 1.1075,              0.0005455,              0.0005455,              0.0005455
                    193,                0.96104,                0.51992,                 1.0628,                0.86478,                0.75904,                0.83163,                 0.5169,                  1.084,                  0.569,                 1.0975,               0.000496,               0.000496,               0.000496
                    194,                0.98102,                0.53276,                 1.0673,                0.88531,                0.77501,                0.84626,                 0.5213,                 1.0764,                0.56598,                 1.0972,              0.0004465,              0.0004465,              0.0004465
                    195,                 1.0062,                0.53798,                 1.0759,                0.88736,                0.77514,                0.84506,                0.51966,                 1.0809,                0.56389,                 1.0967,               0.000397,               0.000397,               0.000397
                    196,                0.96204,                0.52505,                 1.0622,                0.87408,                0.77108,                0.84049,                0.52034,                 1.0736,                0.55874,                 1.0919,              0.0003475,              0.0003475,              0.0003475
                    197,                 1.0003,                0.53536,                 1.0644,                 0.8733,                0.76707,                 0.8366,                0.51789,                 1.0787,                 0.5639,                 1.0989,               0.000298,               0.000298,               0.000298
                    198,                0.96362,                0.51462,                 1.0663,                 0.8735,                 0.7626,                0.83139,                0.50931,                  1.083,                0.56381,                 1.1019,              0.0002485,              0.0002485,              0.0002485
                    199,                 0.9602,                0.51649,                 1.0618,                0.87166,                0.76377,                0.83673,                0.51323,                 1.0814,                0.55945,                 1.0984,               0.000199,               0.000199,               0.000199
